Chinese,English,Category,Notes
叶轩,Ye Xuan,character_name,
李萱儿,Li Xuan'er,character_name,
林建国,Lin Jianguo,character_name,
林战,Lin Zhan,character_name,
林渊,Lin Yuan,character_name,
苏琴,Su Qin,character_name,
顾凝雪,Gu Ningxue,character_name,
三灾九难,Three Calamities and Nine Tribulations,cultivation_term,
三界,Three Realms,cultivation_term,
三魂七魄,Three Ethereal Souls and Seven Corporeal Spirits,cultivation_term,
上品,High Grade,cultivation_term,Quality classification
上品幽冥灵核,Superior Nether Spirit Core,item,
上品灵石,High-Grade Spirit Stone,item,
上界,Upper Realm,location,
下品,Low Grade,cultivation_term,Quality classification
下品灵石,Low-Grade Spirit Stone,item,
下界,Lower Realm,location,
业力,Karma,cultivation_term,
中千世界,Middle Thousand Worlds,location,
中品,Medium Grade,cultivation_term,Quality classification
中品灵石,Mid-Grade Spirit Stone,item,
中期,Middle Stage,cultivation_term,Progression stage
中级,Intermediate,cultivation_term,Level classification
丹方,Pill Formula,item,
丹炉,Pill Furnace,item,
丹田,Dantian,cultivation_term,Energy center in the body
丹药,Medicinal Pill,item,
主宰,Dominator,title,
主角光环,Protagonist Halo,cultivation_term,
九凤,Nine-headed Phoenix,creature,
九天,Nine Heavens,location,
九天玄仙,Nine Heavens Profound Immortal,cultivation_realm,
九头鸟,Nine-headed Bird,creature,
九尾狐,Nine-tailed Fox,creature,
九幽之气,Nine Nether Qi,cultivation_term,
九重天,Nine Heavens,location,
乾坤,Qiankun,cultivation_term,
乾坤袋,Qiankun Bag,item,
乾坤袖,Qiankun Sleeve,technique,
乾闼婆 / 乾达婆,Gandharva,creature,
五毒,Five Venoms,cultivation_term,
五行,Five Elements,cultivation_term,
五行之气,Five Elements Qi,cultivation_term,
亲传弟子,Personal Disciple,title,
人仙,Human Immortal,cultivation_realm,
人族,Human Race,race,
人界,Human Realm,location,
仙丹,Immortal Pill,item,
仙人,Immortal,cultivation_realm,
仙侠,Xianxia,genre,
仙兽,Immortal Beast,creature,
仙君,Immortal Lord,cultivation_realm,
仙器,Immortal Artifact,item,
仙宝,Immortal Treasure,item,
仙尊,Immortal Venerable,cultivation_realm,
仙帝,Immortal Emperor,cultivation_realm,
仙气,Immortal Qi,cultivation_term,
仙王,Immortal King,cultivation_realm,
仙界,Immortal Realm,location,
仙石,Immortal Stone,item,
仙级,Immortal Rank,cultivation_term,
仙草,Immortal Plant,item,
传承,Legacy,cultivation_term,
体修,Body Cultivator,cultivation_path,
体质,Physique,cultivation_term,
佛力,Buddha Power,cultivation_term,
信仰之力,Power Of Faith,cultivation_term,
修士,Cultivator,cultivation_path,
修罗 / 阿修罗,Asura,creature,
修者,Cultivator,cultivation_path,
假丹,False Core,cultivation_term,
傀儡,Puppet,creature,
储物戒指,Storage Ring,item,
储物法宝,Storage Treasures,item,
储物袋,Storage Pouch,item,
僵尸,Jiangshi,creature,Chinese hopping zombie
元婴,Nascent Soul,cultivation_realm,
元婴期,Nascent Soul Stage,cultivation_realm,
元气,Origin Qi,cultivation_term,
元磁之力,Magnetic Force,cultivation_term,
元神,Primordial Spirit,cultivation_term,
元神出窍,Primordial Spirit Leaving the Body,technique,
先天,Innate,cultivation_term,Innate/Heaven-born - pre-natal cultivation stage
先天灵宝,Innate Spirit Treasure,item,
入玄境,Nascent Profound Realm (Entry Phase),cultivation_realm,
入门级,Entry-Level,cultivation_term,
全国高校武道联赛,National College Martial Arts League,organization,
全本,Complete Manual,item,
内力,Internal Energy,cultivation_term,
内功,Internal Skill,technique,
冥气,Nether Qi,cultivation_term,
冥界,Netherworld,location,
凝气,Qi Condensation,cultivation_realm,
凡人,Mortal,cultivation_realm,
凡体九境,Nine Mortal Realms,cultivation_realm,
凡器,Mortal Weapon,item,
凡界,Mortal Realm,location,
凤,Phoenix,creature,
凤凰,Phoenix,creature,
凤气,Phoenix Qi,cultivation_term,
凶兽,Vicious Beast,creature,
出窍,Soul Emergence,cultivation_realm,
刀,Saber,weapon,
刀意,Saber Intent,cultivation_term,
刀气,Saber Qi,cultivation_term,
分神,Divided Soul,cultivation_realm,
分身,Clone,technique,
创世神境,Creation God Realm,cultivation_realm,
初期,Early Stage,cultivation_term,Progression stage
初玄境,Elementary Profound Realm (Beginner Phase),cultivation_realm,
初级,Elementary,cultivation_term,Level classification
利器,Sharp Weapon,item,
制符师,Talisman Maker,profession,
剑,Sword,weapon,
剑修,Sword Cultivator,cultivation_path,
剑冢,Sword Tomb,location,
剑意,Sword Intent,cultivation_term,
剑气,Sword Qi,cultivation_term,
功德,Karma,cultivation_term,
功法,Cultivation Method,technique,
功法秘籍,Cultivation Method Manuals,item,
化境,Transcendent,cultivation_term,
化神,Soul Transformation,cultivation_realm,
化神丹,Soul Transformation Stage Pill,item,
化神期,Soul Transformation Stage,cultivation_realm,
化罡境,Aura Transformation Realm,cultivation_realm,
化身,Incarnation,technique,
千里马,Thousand Li Horse,creature,
双修,Dual Cultivation,technique,
古墓,Ancient Tomb,location,
古教,Ancient Sect,organization,
合体,Body Integration,cultivation_realm,
合体期,Body Integration Stage,cultivation_realm,
后天,Acquired,cultivation_term,Acquired/Earth-born - post-natal cultivation stage
后天灵宝,Acquired Spirit Treasure,item,
后期,Late Stage,cultivation_term,Progression stage
君玄境,Sovereign Profound Realm (Monarch Phase),cultivation_realm,
命宫,Life Palace,cultivation_term,
嘲风,Chaofeng,creature,Dragon son
器鼎,Refining Cauldron,item,
囚牛,Qiuniu,creature,Dragon son
因果,Karma,cultivation_term,
因缘,Destiny,cultivation_term,
圆满,Perfection,cultivation_term,Completion stage
圣人,Saint,cultivation_realm,
圣光,Holy Light,cultivation_term,
圣兽,Sacred Beast,creature,
圣品,Saint Grade,cultivation_term,
圣器,Sacred Artifact,item,
圣地,Holy Land,location,
圣级,Saint-Grade,cultivation_term,
地仙,Earth Immortal,cultivation_realm,
地器,Earth-Grade Weapon,item,
地灵根,Earthly Spiritual Root,cultivation_term,
地狱,Hell,location,
地玄境,Earth Profound Realm (Earth Phase),cultivation_realm,
地级,Earth-Grade,cultivation_term,
地阶,Earth Rank,cultivation_term,
境界,Realm,cultivation_term,Cultivation level
夔 / 夔兽,Kui Beast,creature,
夜叉,Yaksha,creature,
大乘,Grand Ascension,cultivation_realm,Highest mortal cultivation realm before immortal ascension
大乘境,Grand Ascension Realm,cultivation_realm,
大千世界,Major Thousand Worlds,location,
大圆满,Great Perfection,cultivation_term,
大成,Major Achievement,cultivation_term,
大罗金仙,Grand Unity Golden Immortal,cultivation_realm,
大道浮屠诀,Great Way of the Buddha,technique,
天人 / 天众,Deva,creature,
天仙,Heavenly Immortal,cultivation_realm,
天劫,Heavenly Tribulation,cultivation_term,
天器,Heaven-Grade Weapon,item,
天地灵机,Heaven And Earth Spiritual Essence,cultivation_term,
天地灵气,Heaven and Earth Spiritual Qi,cultivation_term,
天才,Genius,cultivation_term,
天灵根,Heavenly Spiritual Root,cultivation_term,
天狗,Heavenly Dog,creature,
天玄境,Sky Profound Realm (Heaven Phase),cultivation_realm,
天眼,Heavenly Eye,technique,
天神,Heavenly God,cultivation_realm,
天级,Heaven-Grade,cultivation_term,
天道,Heavenly Dao,cultivation_term,
天阶,Heaven Rank,cultivation_term,
太初之气,Primordial Beginning Qi,cultivation_term,
夺舍,Possession,technique,Soul/body takeover
奇门阵法,Esoteric Formation,technique,
奥义,Profound Truth,cultivation_term,
妖兽,Yao Beast,creature,
妖孽,Prodigy,cultivation_term,
妖族,Yao Race,race,
妖术,Demonic Technique,technique,
妖气,Demonic Qi,cultivation_term,
妖界,Yao Realm,location,
始祖神境,Ancestral God Realm,cultivation_realm,
宇宙,Universe,location,
宗门,Sect,organization,
宝器,Treasure Artifact,item,
宝藏,Treasure Trove,location,
客卿,Guest Elder,title,
家族,Family,organization,
寿元,Lifespan,cultivation_term,
封印,Seal,technique,
封印武器,Sealed Weapon,item,
小世界,Small World,location,
小千世界,Minor Thousand Worlds,location,
小成,Minor Achievement,cultivation_term,
巅峰,Peak,cultivation_term,Highest stage
巴蛇,Ba Serpent,creature,
帝器,Emperor Weapon,item,
帝国,Empire,organization,
帝境,Emperor Realm,cultivation_realm,
帝阶,Imperial Rank,cultivation_term,
帮派,Gang,organization,
幽冥豹,Nether Leopard,creature,
应龙,Flying Raindragon,creature,
废柴,Trash,cultivation_term,Derogatory term for weak cultivator
御空境,Sky Riding Realm,cultivation_realm,
心性,Heart-Nature,cultivation_term,
心法,Cultivation Method,technique,
心魔,Heart Demon,cultivation_term,Inner obstacle
悟性,Comprehension Ability,cultivation_term,
情劫,Inner Demon Tribulation,cultivation_term,
意境,Concept,cultivation_term,
愿力,Power Of Will,cultivation_term,
慧眼,Wisdom Eye,technique,
成仙,Immortal Ascension,cultivation_term,
成长型武器,Growth-Type Weapon,item,
战意,Battle Intent,cultivation_term,
招式,Move,technique,
拳意,Fist Intent,cultivation_term,
摩睺罗伽 / 摩睺罗迦,Mahoraga,creature,
散仙,Loose Immortal,cultivation_realm,
散修,Rogue Cultivator,cultivation_path,
散魔,Loose Devil,cultivation_realm,
旱魃,Drought Demon,creature,
星力,Star Power,cultivation_term,
星域,Star Domain,location,
暗器,Hidden Weapon,weapon,
本命武器,Lifebound Weapon,item,
本命法宝,Natal Weapon,item,
本源,Origin,cultivation_term,
本源真火,Origin True Fire,cultivation_term,
朱厌,Zhuyan Ape,creature,
朱雀,Vermilion Bird,creature,
机缘,Opportunity,cultivation_term,Lucky encounter
杀气,Killing Intent,cultivation_term,
杂质,Impurities,cultivation_term,
材料,Materials,item,
极品灵石,Top-Grade Spirit Stone,item,
极道武神,Supreme Martial God,cultivation_realm,
枪,Spear,weapon,
枪意,Spear Intent,cultivation_term,
根基,Foundation,cultivation_term,
梼杌,Taowu,creature,
棍,Staff,weapon,
椒图,Jiaotu,creature,Dragon son
正道,Righteous Path,cultivation_path,
武侠,Wuxia,genre,
武圣,Martial Saint,cultivation_realm,
武技,Martial Skill,technique,
武林,Martial Forest,cultivation_term,Martial arts world
武者,Martial Artist,cultivation_path,
武道学院,Martial Arts Academy,organization,
武道服,Martial Arts Uniform,item,
死气,Death Qi,cultivation_term,
残卷,Incomplete Manual,item,
残缺武器,Damaged Weapon,item,
毕方,Bifang Crane,creature,
气,Qi,cultivation_term,Vital energy
气势,Aura,cultivation_term,
气海,Sea of Qi,cultivation_term,
气海境,Qi Sea Realm,cultivation_realm,
气运,Luck,cultivation_term,
江湖,Jianghu,cultivation_term,Rivers and lakes; martial world
法修,Magic Cultivator,cultivation_path,
法器,Magical Artifact,item,
法宝,Magic Treasure,item,
法术,Spell,technique,
法眼,Dharma Eye,technique,
洗髓境,Marrow Cleansing Realm,cultivation_realm,
洞府,Immortal Cave,location,
洞虚,Void Tempering,cultivation_realm,
浮屠之力,Buddha Power,cultivation_term,
涅槃,Nirvana,cultivation_term,
淬体,Body Tempering,cultivation_realm,
混沌,Hundun,creature,Chaos beast
混沌之气,Chaos Qi,cultivation_term,
混沌至宝,Chaos Supreme Treasure,item,
渡劫,Tribulation Transcendence,cultivation_realm,
灵丹,Spirit Pill,item,
灵兽,Spirit Beast,creature,
灵压,Spiritual Pressure,cultivation_term,
灵器,Spiritual Artifact,item,
灵宝,Spirit Treasure,item,
灵寂,Spiritual Void,cultivation_realm,
灵核,Spirit Core,item,
灵根,Spiritual Root,cultivation_term,Innate cultivation talent
灵气,Spiritual Qi,cultivation_term,
灵玄境,Spirit Profound Realm (Spiritual Phase),cultivation_realm,
灵界,Spirit Realm,location,
灵石,Spirit Stone,item,Currency/energy source
灵级,Spirit Rank,cultivation_term,
灵脉,Spiritual Vein,location,Natural qi source
灵草,Spiritual Plant,item,
灵药,Spirit Medicine,item,
灵阶,Spirit Rank,cultivation_term,
灵魂,Soul,cultivation_term,
炉鼎,Cauldron,item,Also dual cultivation victim
炼丹,Alchemy,profession,
炼丹师,Alchemist,profession,
炼丹房,Pill Refining Room,location,
炼体,Body Refining,cultivation_realm,
炼器,Artifact Refining,profession,
炼器室,Artifact Refining Room,location,
炼器师,Artifact Refiner,profession,
炼心路,Heart Refining Road,location,
炼气,Qi Refining,cultivation_realm,
炼气期,Qi Refinement Stage,cultivation_realm,
炼神,Spirit Refining,cultivation_realm,
炼虚,Void Refining,cultivation_realm,
炼魂,Soul Refining,cultivation_realm,
烛龙,Torch Dragon,creature,
犼,Hou,creature,
狐狸精,Fox Spirit,creature,
狴犴,Bi'an Tiger,creature,Dragon son
狻猊,Suanni,creature,Dragon son
猰貐,Yayu,creature,
獬豸,Xiezhi,creature,
玄仙,Profound Immortal,cultivation_realm,
玄器,Profound Weapon,item,
玄幻,Xuanhuan,genre,
玄武,Black Tortoise,creature,
玄气,Profound Qi,cultivation_term,
玄阶,Profound Rank,cultivation_term,
玉兔,Jade Rabbit,creature,
玉简,Jade Slip,item,Information storage device
王朝,Dynasty,organization,
王玄境,Emperor Profound Realm (King Phase),cultivation_realm,
王阶,King Rank,cultivation_term,
瑞兽,Auspicious Beast,creature,
瓶颈,Bottleneck,cultivation_term,Cultivation barrier
生死境,Life and Death Realm,cultivation_realm,
生气,Life Qi,cultivation_term,
白泽,Baize,creature,
白虎,White Tiger,creature,
百年血参,Hundred-Year Blood Ginseng,item,
皇朝,Imperial Dynasty,organization,
皇阶,Emperor Rank,cultivation_term,
真人,Immortal Master,title,
真仙,True Immortal,cultivation_realm,
真气,True Qi,cultivation_term,
真玄境,True Profound Realm (True Phase),cultivation_realm,
真神,True God,cultivation_realm,
真神境,True God Realm (Full True Gods),cultivation_realm,
睚眦,Yazi,creature,Dragon son
石狮,Guardian Lions,creature,
矿石,Ore,item,
神丹,Divine Pill,item,
神主,Divine Master,cultivation_realm,
神主境,Divine Master Realm (High-rank Realm Kings),cultivation_realm,
神人,Divine Being,cultivation_realm,
神元境,Divine Origin Realm (Vital Energy Deification),cultivation_realm,
神兽,Divine Beast,creature,
神力,Divine Power,cultivation_term,
神劫境,Divine Tribulation Realm (Divine Perishing),cultivation_realm,
神君,Divine Lord,cultivation_realm,
神君境,Divine Sovereign Realm (Mid-rank Realm Kings),cultivation_realm,
神品,Divine Grade,cultivation_term,
神器,Divine Artifact,item,
神境,God Realm,cultivation_realm,
神威,Divine Might,cultivation_term,
神尊,Divine Venerable,cultivation_realm,
神帝,God Emperor,cultivation_realm,
神族,God Race,race,
神极境,Divine Limit Realm (Half-God Pinnacle),cultivation_realm,
神气,Divine Qi,cultivation_term,
神灭,Divine Extinction,cultivation_realm,
神灭境,Divine Extinction Realm (Half-Step True God / Half-God),cultivation_realm,
神灵境,Divine Spirit Realm (Spirit Deification),cultivation_realm,
神玄七境,Seven Divine Realms,cultivation_realm,
神王,God King,cultivation_realm,
神王境,Divine King Realm (Low-rank Realm Kings),cultivation_realm,
神界,Divine Realm,location,
神石,Divine Stone,item,
神级,Divine-Grade,cultivation_term,
神草,Divine Plant,item,
神识,Divine Sense,cultivation_term,Spiritual perception
神通,Divine Ability,technique,
神魂,Divine Soul,cultivation_term,
神魂境,Divine Soul Realm (Soul Deification),cultivation_realm,
禁制,Restriction,technique,
禁地,Forbidden Land,location,
秘境,Secret Realm,location,
秘境修炼资格,Secret Realm Cultivation Qualification,item,
秘籍,Secret Manual,item,
穴位,Acupoints,cultivation_term,Energy points on body
穷奇,Qiongqi,creature,
空冥,Void Gazer,cultivation_realm,
穿越,Transmigration,cultivation_term,Time/world travel
突破,Breakthrough,cultivation_term,
符咒,Talismanic Incantation,technique,
符箓,Talisman,item,
等级,Rank,cultivation_term,
筑基,Foundation Establishment,cultivation_realm,
筑基期,Foundation Establishment Stage,cultivation_realm,
精怪,Spirit Monster,creature,
精神力,Mental Energy,cultivation_term,
系统,System,cultivation_term,Cheat system
紧那罗,Kinnara,creature,
紫府,Purple Mansion,cultivation_term,
红尘,Mortal World,location,
纯阳之气,Pure Yang Qi,cultivation_term,
纯阴之气,Pure Yin Qi,cultivation_term,
经脉,Meridians,cultivation_term,Energy channels in body
结丹,Core Formation,cultivation_realm,
绝品,Peerless Grade,cultivation_term,
罗刹,Rakshasa,creature,
罡气,Protective Aura,cultivation_term,
联盟,Alliance,organization,
聚元境,Essence Gathering Realm,cultivation_realm,
聚气,Qi Gathering,cultivation_realm,
聚灵阵法,Spirit Gathering Array,technique,
肉身,Physical Body,cultivation_term,
肥遗,Feiyi Snake,creature,
脱胎境,Rebirth Realm,cultivation_realm,
至尊,Supreme,cultivation_realm,
药鼎,Medicine Cauldron,item,
蒲牢,Pulao,creature,Dragon son
蓝星,Blue Star,location,
藏经阁,Scripture Pavilion,location,
虚空,Void Realm,cultivation_realm,
虬龙,Horned Dragon,creature,
蚣蝮,Gongfu,creature,Dragon son
蛊,Gu,cultivation_term,Voodoo/poison magic
蛊虫,Gu Insects,creature,
蛟龙,Flood Dragon,creature,
融合,Fusion,cultivation_term,
螭吻,Chiwen,creature,Dragon son
螭龙,Hornless Dragon,creature,
蟠龙,Coiling Dragon,creature,
血脉,Bloodline,cultivation_term,
血脉之力,Bloodline Power,cultivation_term,
行气,Qi Circulation,technique,
袖里乾坤,Universe In the Sleeve,technique,
觉醒,Awakening,cultivation_term,
诅咒武器,Cursed Weapon,item,
识海,Sea of Consciousness,cultivation_term,Mind space
试炼之地,Trial Grounds,location,
诸犍,Zhujian Leopard,creature,
貔貅,Pixiu,creature,
负屃,Fuxi,creature,Dragon son
资质,Aptitude,cultivation_term,Innate talent
赑屃,Bixi,creature,Dragon son
走火入魔,Qi Deviation,cultivation_term,Cultivation backlash
踏天境,Sky Trampling Realm,cultivation_realm,
转世,Reincarnation,cultivation_term,
轮回,Reincarnation,cultivation_term,
远古真神境,Ancient True God Stages,cultivation_realm,
迦楼罗,Garuda,creature,
逆天,Heaven-Defying,cultivation_term,
通脉境,Meridian Opening Realm,cultivation_realm,
道,Dao,cultivation_term,The Way
道器,Dao Artifact,item,
道心,Dao Heart,cultivation_term,
道术,Daoist Magic,technique,
道级,Dao-Grade,cultivation_term,
那伽 / 龙众,Naga,creature,
邪器,Demonic Weapon,item,
邪道,Evil Path,cultivation_path,
邪道修者,Demonic Cultivator,cultivation_path,
邪道门派,Demonic Cultivation Sect,organization,
重生,Rebirth,cultivation_term,
金丹,Golden Core,cultivation_realm,
金丹期,Golden Core Stage,cultivation_realm,
金乌,Golden Crow,creature,
金仙,Golden Immortal,cultivation_realm,
金手指,Golden Finger,cultivation_term,Cheat ability
锻骨境,Bone Forging Realm,cultivation_realm,
门派,School,organization,
阳气,Yang Qi,cultivation_term,
阴气,Yin Qi,cultivation_term,
阴阳,Yin and Yang,cultivation_term,
阵旗,Formation Flag,item,
阵法,Formation,technique,
阵法师,Formation Master,profession,
阵盘,Formation Plate,item,
隐世家族,Hidden Family,organization,
雷劫,Lightning Tribulation,cultivation_term,
霸下,Baxia,creature,Dragon son
霸玄境,Tyrant Profound Realm (Overlord Phase),cultivation_realm,
青龙,Azure Dragon,creature,
顿悟,Epiphany,cultivation_term,Sudden enlightenment
领域,Domain,cultivation_term,
飞剑,Flying Sword,item,
飞升,Ascension,cultivation_term,
飞龙,Soaring Dragon,creature,
饕餮,Taotie,creature,
饿鬼,Hungry Ghosts,creature,
高级,Advanced,cultivation_term,Level classification
魂修,Soul Cultivator,cultivation_path,
魂力,Soul Power,cultivation_term,
魂飞魄散,Soul Flying Away and Spirit Scattering,cultivation_term,Complete soul destruction
鬼,Ghost,creature,
魔兽,Demonic Beast,creature,
魔功,Demonic Technique,technique,
魔君,Demonic Lord,cultivation_realm,
魔头,Devil Head,cultivation_term,
魔帝,Devil Emperor,cultivation_realm,
魔族,Demon Race,race,
魔气,Devilish Qi,cultivation_term,
魔王,Devil King,cultivation_realm,
魔界,Demon Realm,location,
魔能,Demonic Energy,cultivation_term,
魔道,Demonic Path,cultivation_path,
鲲鹏,Kunpeng,creature,
鸱吻,Chiwen,creature,Dragon son
鸾,Luan Bird,creature,
鸿蒙,Grandmist,cultivation_term,Primordial chaos
鸿蒙之气,Primordial Qi,cultivation_term,
鸿蒙圣体,Primordial Sacred Body,cultivation_term,
鸿蒙灵宝,Primordial Spirit Treasure,item,
鹏,Kunpeng,creature,
鹣,Jian Bird,creature,
麒麟,Qilin,creature,
黄泉,Yellow Springs,location,Underworld river
黄级上品聚气丹,Yellow Rank High-Grade Qi Gathering Pill,item,
黄阶,Yellow Rank,cultivation_term,
黄龙,Yellow Dragon,creature,
黑市,Black Market,location,
龙,Dragon,creature,
龙夏国,Dragon Xia Country,location,
龙气,Dragon Qi,cultivation_term,
龙王,Dragon King,creature,
龙马,Dragon Horse,creature,
龙龟,Dragon Turtle,creature,
仙子,Fairy,title,Respectful address for female cultivator
公子,Young Master,title,
内门弟子,Inner Sect Disciple,title,
前辈,Senior,title,Respectful address for elders
圣女,Saintess,title,
圣子,Saint,title,
外门弟子,Outer Sect Disciple,title,
大师,Great Master,title,
太上长老,Grand Elder,title,
宗主,Sect Master,title,
小姐,Young Miss,title,
少主,Young Lord,title,
师伯,Senior Martial Uncle,title,
师兄,Senior Brother,title,
师叔,Junior Martial Uncle,title,
师妹,Junior Sister,title,
师姐,Senior Sister,title,
师姑,Martial Aunt,title,
师尊,Master,title,
师弟,Junior Brother,title,
师父,Master,title,
师祖,Grandmaster,title,
弟子,Disciple,title,
护法,Protector,title,
掌门,Sect Leader,title,
族长,Clan Chief,title,
晚辈,Junior,title,Respectful self-address to elders
核心弟子,Core Disciple,title,
殿下,Your Highness,title,
真传弟子,True Disciple,title,
祖师,Ancestral Master,title,
道侣,Dao Companion,title,Cultivation partner/spouse
道友,Fellow Daoist,title,Respectful address between cultivators
长老,Elder,title,
门主,Sect Leader,title,
阁下,Your Excellency,title,
陛下,Your Majesty,title,
钟叔,Uncle Zhong,character_name,Lin Yuan's butler
皇甫卓,Huangfu Zhuo,character_name,Huangfu family genius
皇甫雄,Huangfu Xiong,character_name,Huangfu family patriarch
林可儿,Lin Ke'er,character_name,Lin Yuan's sister and formation prodigy
林梦瑶,Lin Mengyao,character_name,Lin Yuan's businesswoman sister
刘如烟,Liu Ruyan,character_name,Magic City Martial Arts Academy competitor
赵文武,Zhao Wenwu,character_name,Tiannan Academy competitor
罗天,Luo Tian,character_name,Cangyun Academy competitor
石磊,Shi Lei,character_name,War God Academy's Absolute Defense fighter
秦战,Qin Zhan,character_name,Imperial Military Academy fighter
太上道祖,Supreme Dao Ancestor,character_name,Ancient soul in Ye Xuan's consciousness
血燃龙变诀,Blood-Burning Dragon Transformation Art,technique,Ye Xuan's forbidden technique
血燃龙拳,Blood-Burning Dragon Fist,technique,Ye Xuan's attack move
明王琉璃体,Bright King Glazed Body,technique,Shi Lei's innate defensive physique
龙象镇狱功,Dragon Elephant Prison-Suppressing Art,technique,Qin Zhan's power technique
琉璃雪心剑法,Glazed Snow Heart Sword Art,technique,Gu Ningxue's Earth-Rank sword technique
冰凰降世,Ice Phoenix Descends,technique,Gu Ningxue's ultimate move
龙争于野,Dragon Battles the Wilds,technique,Ye Xuan's attack move
九曲龙困阵,Nine-Twist Dragon Trap Formation,technique,Lin Ke'er's Earth-Rank formation
天星阵,Heavenly Star Array,technique,Ancient divine formation
幻光步,Phantom Light Steps,technique,Liu Ruyan's movement technique
追魂夺命剑,Soul-Chasing Life-Reaping Sword,technique,Liu Ruyan's sword technique
开山拳,Mountain-Splitting Fist,technique,Zhao Wenwu's fist technique
龙巢,Dragon's Nest,location,National martial arts stadium
燕京城,Yan Jing City,location,Capital city of Dragon Xia Country
北疆,Northern Frontier,location,Military region commanded by Lin Zhan
松州,Songzhou,location,City where academy is located
皇甫家,Huangfu Family,organization,Enemy family of the Lin family
战神学院,War God Academy,organization,Shi Lei's academy
皇家军事学院,Imperial Military Academy,organization,Qin Zhan's academy
京都武道学院,Capital Martial Arts Academy,organization,Main characters' academy
魔都武道学院,Magic City Martial Arts Academy,organization,Liu Ruyan's academy
天南武道学院,Tiannan Martial Arts Academy,organization,Zhao Wenwu's academy
苍云武道学院,Cangyun Martial Arts Academy,organization,Luo Tian's academy
北疆军团,Northern Frontier Legion,organization,Military force commanded by Lin Zhan
禁术,Forbidden Technique,cultivation_term,Techniques with severe backlash
精元,Life Essence,cultivation_term,Vital life force
残魂,Remnant Soul,cultivation_term,Fragment of a deceased soul
宿主,Host,cultivation_term,Body hosting another soul
天命之子,Child of Destiny,cultivation_term,Protagonist blessed by fate
龙威,Dragon Might,cultivation_term,Dragon-type pressure/aura
千年火灵芝,Thousand-Year Fire Lingzhi,item,Rare fire-element treasure
紫玉葡萄,Purple Jade Grape,item,Spirit fruit rich in spiritual energy
云顶仙糕,Cloud-Peak Immortal Cake,item,Rare pastry filled with spiritual energy
灵泉水,Spirit Spring Water,item,Refreshing cultivator beverage
光脑,Light-Brain,item,Futuristic communicator/computer device
管家,Butler,title,Head servant
叶沧澜,Ye Canglan,character_name,Ye Xuan's father and Divine Court member
宋瑶,Song Yao,character_name,Song family princess and prodigy
柳明轩,Liu Mingxuan,character_name,Liu family heir
陈宇,Chen Yu,character_name,Chen family heir
柳擎天,Liu Qingtian,character_name,Liu family patriarch
陈天豪,Chen Tianhao,character_name,Chen family patriarch
王腾,Wang Teng,character_name,Wang family prodigy
通神境,Meridian Opening Realm,cultivation_realm,Typo for 通脉境 in source - use Meridian Opening Realm
神庭,Divine Court,organization,Evil cult opposing Dragon Xia Country
十二神官,Twelve Divine Officials,title,Top-tier Divine Court members
炼血大阵,Blood Refinement Array,technique,Divine Court soul-refining formation
镇天印,Heaven-Suppressing Seal,technique,Lin Zhan's law-burning attack
周天星斗大阵,Grand Celestial Star Formation,technique,Star-based formation array
太虚裂空拳,Grand Void Shattering Fist,technique,Lin Yuan's star-dropping punch
沧溟剑意,Boundless Sword Intent,technique,Lin Yuan's ocean-like sword intent
血魔吞天爪,Blood Demon Heaven-Devouring Claw,technique,Ye Xuan's demonic claw attack
血狱沉沦,Blood Prison Descent,technique,Li Xuan'er's chain binding attack
陈若曦,Chen Ruoxi,character_name,Chen family daughter and artifact refining prodigy
萧龙,Xiao Long,character_name,Xiao family grandson and battle-axe fighter
萧诚恩,Xiao Cheng'en,character_name,Xiao family martial god
赵虎,Zhao Hu,character_name,Zhao family eldest grandson (Zhao Tiger)
鬼枭,Ghost Owl,character_name,Divine Court assassin (Meridian Opening 5th level)
影刃,Shadow Blade,character_name,Divine Court assassin (Meridian Opening 3rd level)
黑风谷,Black Wind Valley,location,Forbidden zone in the wilderness
云顶山庄,Cloud Summit Manor,location,Venue for National Finals
荒野狩猎,Wilderness Hunt,event,Annual prodigy hunting competition
天工图解,Celestial Craft Illustrated,item,Heaven-rank artifact refining manual
九龙镜,Nine Dragon Mirror,item,Artifact refined by Chen Ruoxi
裂风刀,Wind Ripper,item,Chen Yu's Profound-Rank war saber
冷月鞭,Cold Moon Whip,item,Song Yao's chain blade weapon
九窍净心果,Nine-Aperture Heart-Clearing Fruit,item,Rare spirit fruit
玄龙赤血丹,Mystic Dragon Scarlet Blood Pill,item,Medicinal pill
破魔灵盘,Demon-Breaking Spirit Disc,item,Artifact item
猛虎下山,Fierce Tiger Descends the Mountain,technique,Zhao Hu's attack technique
三尺冰,Three Feet of Ice,technique,Gu Ningxue's ice defense technique
疾风斩,Gale Slash,technique,Chen Yu's saber technique
四象锁天阵,Four Symbols Heaven-Lock Formation,technique,Liu family formation
冰凰舞,Ice Phoenix Dance,technique,Gu Ningxue's phoenix technique
冥血祭,Nether Blood Sacrifice,technique,Divine Court soul-burning forbidden technique
冥神爪,Nether God Claw,technique,Divine Court killing technique
鲲鹏逍遥步,Kunpeng Wandering Step,technique,Lin Yuan's void-stepping movement technique
紫天神雷,Purple Heaven Divine Thunder,technique,Lin Yuan's lightning technique
惊鸿幻步,Startled Swan Phantom Steps,technique,Movement technique
缩地成寸,Shrink the Earth to Inches,technique,Spatial movement technique
永世季梦大阵,Grand Dream of Eternal Seasons,technique,High-rank formation
风兔,Wind Rabbit,creature,First-tier demonic beast
赤焰狼,Scarlet Flame Wolf,creature,Second-tier demonic beast
裂地魔熊,Earth-Rending Demon Bear,creature,Third-tier demonic beast
法则之力,Law Power,cultivation_term,Higher-level energy type
柳玄宸,Liu Xuanchen,character_name,Liu family old War God and Martial God
上官惊鸿,Shangguan Jinghong,character_name,Flying Moon Sword God - youngest Martial God in Dragon Xia
铁狂,Tie Kuang,character_name,Mountain-Swallowing Martial God - known for strength and defense
赵天龙,Zhao Tianlong,character_name,Western District Commander
王俊义,Wang Junyi,character_name,Regional Commander under Lin Jianguo
陈北玄,Chen Beixuan,character_name,Regional Commander under Lin Jianguo
李默,Li Mo,character_name,Regional Commander under Lin Jianguo
飞月剑神,Flying Moon Sword God,title,Shangguan Jinghong's title
吞岳武神,Mountain-Swallowing Martial God,title,Tie Kuang's title
凶煞血龙,Baleful Blood Dragon,creature,Terrifying dragon summoned by Divine Court sacrifice
禁神丹,Divine Prohibition Pill,item,Divine Court forbidden pill that burns potential for power
陸野,Lu Ye,character_name,Nine Lives Celestial Venerable - protagonist of Betrayed by Eight Empresses
九命天尊,Nine Lives Celestial Venerable,title,Lu Ye's title
上官幻靈,Shangguan Huanling,character_name,Phantom Spirit Empress - one of the eight empresses
幻靈女帝,Phantom Spirit Empress,title,Shangguan Huanling's title
古今天尊,Ancient-Modern Celestial Venerable,character_name,Supreme being of the previous era
古今鏡,Ancient-Modern Mirror,item,Mirror that reflects past and future and severs time/karma
九命不死天經,Nine Lives Immortal Scripture,technique,Lu Ye's cultivation method granting nine lives
陰陽噬道蠱,Yin-Yang Dao-Devouring Gu,creature,Parasitic Gu that devours the Great Dao - planted during intimacy
黑暗之源,Source of Darkness,creature,Dark entity threatening the Nine Heavens
墮天釘,Heaven-Falling Nail,item,Torture implement
證道,Proving the Dao,cultivation_term,Process of ascending to become a Saint
成聖大劫,Saint Tribulation,cultivation_term,Tribulation to become a Saint
萬古大劫,Primordial Tribulation,cultivation_term,Most difficult tribulation - fighting all past tribulation takers
天尊器,Celestial Venerable Artifact,item,Weapon forged by a Celestial Venerable
萧正,Xiao Zheng,character_name,Third Corps Commander of Northern Guard Legion
赵烈,Zhao Lie,character_name,Marshal of Dragon Xia Nation's military
秦风,Qin Feng,character_name,Director of Transplant Center at Municipal First Hospital (Hospital Sign In)
柳烟儿,Liu Yan'er,character_name,Qin Feng's romantic interest (Hospital Sign In)
魏小霞,Wei Xiaoxia,character_name,13-year-old leukemia patient also called Xiaoxia (Hospital Sign In)
叶知秋,Ye Zhiqiu,character_name,Attending physician at Transplant Center (Hospital Sign In)
陈副主任,Deputy Director Chen,character_name,Hospital administrator (Hospital Sign In)
江城,Jiang City,location,City where Municipal First Hospital is located (Hospital Sign In)
彭城,Peng City,location,Neighboring city to Jiang City (Hospital Sign In)
厂西省,Changxi Province,location,Province where Xiaoxia's hometown is located (Hospital Sign In)
桂州,Guizhou,location,City in Changxi Province - Xiaoxia's hometown (Hospital Sign In)
市一院,Municipal First Hospital,organization,Main hospital setting (Hospital Sign In)
移植中心,Transplant Center,organization,Department headed by Qin Feng (Hospital Sign In)
白血病,Leukemia,medical_term,Blood cancer affecting Xiaoxia (Hospital Sign In)
骨髓移植,Bone Marrow Transplant,medical_term,Treatment procedure for leukemia (Hospital Sign In)
化疗,Chemotherapy,medical_term,Cancer treatment (Hospital Sign In)
骨髓穿刺,Bone Marrow Biopsy,medical_term,Diagnostic procedure (Hospital Sign In)
干细胞库,Stem Cell Bank,organization,Repository for stem cell matching (Hospital Sign In)
郑奎,Zheng Kui,character_name,Deputy Director of Jiang City Police (Hospital Sign In)
林晓晓,Lin Xiaoxiao,character_name,Employee at Qin Medical Foundation (Hospital Sign In)
秦氏医疗基金会,Qin Medical Foundation,organization,Powerful charitable foundation backing Qin Feng (Hospital Sign In)
张桐,Zhang Tong,character_name,Hospital Director of Municipal First Hospital (Hospital Sign In)
季忠河,Ji Zhonghe,character_name,Director of Hematology at Municipal First Hospital (Hospital Sign In)
唐丹丹,Tang Dandan,character_name,Deputy Director of Transplant Center (Hospital Sign In)
刘副院长,Deputy Director Liu,character_name,Hospital administrator at Municipal First Hospital (Hospital Sign In)
徽州,Huizhou,location,City where trafficking victim was stolen (Hospital Sign In)
陈元芳,Chen Yuanfang,character_name,Liu Yan'er's mother (Hospital Sign In)
柳峥,Liu Zheng,character_name,Liu Yan'er's father (Hospital Sign In)
沈园,Shen Yuan,character_name,Qin Feng's classmate and class monitor (Hospital Sign In)
刘健,Liu Jian,character_name,Qin Feng's classmate (Hospital Sign In)
陈东,Chen Dong,character_name,Qin Feng's classmate and employee at foundation (Hospital Sign In)
尚小军,Shang Xiaojun,character_name,Qin Feng's classmate (Hospital Sign In)
赵崇南,Zhao Chongnan,character_name,Qin Feng's classmate (Hospital Sign In)
张帆,Zhang Fan,character_name,Director of Cardiothoracic Surgery (Hospital Sign In)
曹珂,Cao Ke,character_name,Deputy Director of Cardiothoracic Surgery (Hospital Sign In)
许莹莹,Xu Yingying,character_name,Doctor in OB/GYN department (Hospital Sign In)
孙胜,Sun Sheng,character_name,Director of Internal Medicine (Hospital Sign In)
程洪武,Cheng Hongwu,character_name,Director of Internal Medicine (Hospital Sign In)
章晨,Zhang Chen,character_name,Internal Medicine doctor (Hospital Sign In)
金陵,Jinling,location,City where Qin Feng's research center is located (Hospital Sign In)
赵一天,Zhao Yitian,character_name,Doctor on duty at Municipal First Hospital ER (Hospital Sign In)
冯娟,Feng Juan,character_name,High school senior who attempted suicide after being blackmailed (Hospital Sign In)
孙涵,Sun Han,character_name,Feng Juan's abusive boyfriend who blackmailed her (Hospital Sign In)
孙大强,Sun Daqiang,character_name,Sun Han's father - wealthy construction magnate (Hospital Sign In)
江城二中,Second High School,organization,Jiang City Second High School (Hospital Sign In)
肖静,Xiao Jing,character_name,ER doctor at Municipal First Hospital (Hospital Sign In)
天鸿律师事务所,Tianhong Law Firm,organization,Top law firm from the capital (Hospital Sign In)
广川省,Guangchuan Province,location,Province hosting the medical conference (Hospital Sign In)
苯二氮卓,Benzodiazepine,medical_term,Class of sedative-hypnotic drugs (Hospital Sign In)
珠江,Zhujiang,location,City in Guangchuan Province where medical conference is held (Hospital Sign In)
尼克,Nick,character_name,Foreign student from Kenya who cuts in line at subway (Hospital Sign In)
三九胃泰,Sanjiu Weitai,medical_term,Chinese stomach medicine brand (Hospital Sign In)
巩膜黄染,Scleral icterus,medical_term,Yellow discoloration of eye whites indicating jaundice (Hospital Sign In)
胰腺癌,Pancreatic cancer,medical_term,Cancer affecting the pancreas - known as king of cancers (Hospital Sign In)
高胆红素血症,Hyperbilirubinemia,medical_term,Elevated bilirubin in blood causing jaundice (Hospital Sign In)
东大,Dongda University,organization,Major university with foreign exchange program (Hospital Sign In)
珠江大学,Zhujiang University,organization,University in Zhujiang city (Hospital Sign In)
齐东制药,Qidong Pharmaceutical,organization,Major pharmaceutical company where Qin Feng is majority shareholder (Hospital Sign In)
恒率律师事务所,Henglü Law Firm,organization,Top law firm in China - the KFC of legal circles (Hospital Sign In)
吴东华,Wu Donghua,character_name,Chairman of Qidong Pharmaceutical (Hospital Sign In)
吕东兴,Lü Dongxing,character_name,President of Dongda University (Hospital Sign In)
珠江医科大学,Zhujiang Medical University,organization,Medical university in Zhujiang hosting the conference (Hospital Sign In)
恒瑞制药,Hengrui Pharmaceuticals,organization,One of China's top pharmaceutical companies (Hospital Sign In)
石药集团,Shiyao Group,organization,Major pharmaceutical company in China (Hospital Sign In)
乔昌平,Qiao Changping,character_name,Famous industrialist from Jiang Province (Hospital Sign In)
陆云,Lu Yun,character_name,Internal Medicine head nurse at Municipal First Hospital (Hospital Sign In)
暴发性心肌炎,Fulminant myocarditis,medical_term,Severe acute inflammation of heart muscle (Hospital Sign In)
全科,General Practice,medical_term,Medical specialty covering all basic diagnostic functions (Hospital Sign In)
葉塵,Ye Chen,character_name,Protagonist with Many Blessings System (Dual Cultivation)
柳如煙,Liu Ruyan,character_name,Sect Master of Blissful Union Sect (Dual Cultivation)
林清雪,Lin Qingxue,character_name,Inner Sect Disciple assigned to Ye Chen (Dual Cultivation)
陸夢瑤,Lu Mengyao,character_name,Inner Sect Disciple assigned to Ye Chen (Dual Cultivation)
江玉燕,Jiang Yuyan,character_name,Vice Sect Master of Blissful Union Sect (Dual Cultivation)
葉青兒,Ye Qing'er,character_name,Ye Chen's younger sister captured by Profound Heaven Holy Land (Dual Cultivation)
葉浩天,Ye Haotian,character_name,Ye Chen's adoptive father murdered by Profound Heaven Holy Land (Dual Cultivation)
靈域,Spirit Domain,location,Main world setting (Dual Cultivation)
南荒州,Southern Wilderness Province,location,Region where Blissful Union Sect is located (Dual Cultivation)
江鄴城,Jiangye City,location,City where Ye family was based (Dual Cultivation)
合歡宗,Blissful Union Sect,organization,Dual cultivation sect - Ye Chen's sect (Dual Cultivation)
天魔宗,Heavenly Demon Sect,organization,Enemy sect of Blissful Union Sect (Dual Cultivation)
玄天聖地,Profound Heaven Holy Land,organization,One of five great powers hunting Ye Chen (Dual Cultivation)
多子多福系統,Many Blessings System,cultivation_term,Ye Chen's system that rewards offspring production (Dual Cultivation)
猛男體魄,Vigorous Man Physique,cultivation_term,System reward enhancing physical constitution (Dual Cultivation)
不滅腎魂,Imperishable Kidney Spirit,cultivation_term,Part of Vigorous Man Physique - enhances stamina (Dual Cultivation)
極品築基丹,Supreme Foundation Establishment Pill,item,Top-grade pill for Foundation Establishment breakthrough (Dual Cultivation)
黃品靈根,Yellow-Grade Spiritual Root,cultivation_term,Lowest grade spiritual root (Dual Cultivation)
玄品靈根,Profound-Grade Spiritual Root,cultivation_term,Second lowest grade spiritual root (Dual Cultivation)
地品靈根,Earth-Grade Spiritual Root,cultivation_term,Mid-tier spiritual root (Dual Cultivation)
天品靈根,Heaven-Grade Spiritual Root,cultivation_term,High-tier spiritual root (Dual Cultivation)
神品靈根,Divine-Grade Spiritual Root,cultivation_term,Second highest grade spiritual root (Dual Cultivation)
上古極品靈根,Ancient Supreme Spiritual Root,cultivation_term,Highest grade spiritual root (Dual Cultivation)
大帝境,Great Emperor,cultivation_realm,Highest cultivation realm in Spirit Domain (Dual Cultivation)
蘇念婉,Su Nianwan,character_name,Liu Ruyan's personal disciple with Earth-Grade Spiritual Root (Dual Cultivation)
李少陽,Li Shaoyang,character_name,Young Master of Profound Heaven Holy Land - Ye Chen's enemy (Dual Cultivation)
張淑玉,Zhang Shuyu,character_name,Ye Haotian's unfaithful wife who betrayed the Ye family (Dual Cultivation)
明月鏡,Bright Moon Mirror,item,Immortal-Grade defensive artifact that blocks Soul Transformation attacks (Dual Cultivation)
天元丹,Heavenly Origin Pill,item,Pill that enhances cultivation below Soul Transformation (Dual Cultivation)
生生不息丸,Endless Vitality Pill,item,Pill that restores body to peak condition in 3 seconds (Dual Cultivation)
分身符,Clone Talisman,item,Creates a clone with half the user's cultivation (Dual Cultivation)
凡品,Mortal Grade,cultivation_term,Lowest artifact grade (Dual Cultivation)
寶品,Treasure Grade,cultivation_term,Second lowest artifact grade (Dual Cultivation)
靈品,Spirit Grade,cultivation_term,Mid-tier artifact grade (Dual Cultivation)
仙品,Immortal Grade,cultivation_term,High-tier artifact grade (Dual Cultivation)
神品,Divine Grade,cultivation_term,Second highest artifact grade (Dual Cultivation)
帝品,Imperial Grade,cultivation_term,Highest artifact grade (Dual Cultivation)
飛羽劍,Flying Feather Sword,item,Immortal-Grade weapon reward from dual cultivation (Dual Cultivation)
斬仙符,Immortal-Slaying Talisman,item,Talisman with power comparable to Void Refining full strike (Dual Cultivation)
隱身符,Invisibility Talisman,item,Talisman that grants invisibility for one shichen (Dual Cultivation)
尋人子母蠱,Tracking Mother-Child Gu,item,Paired gu insects for tracking a target's location (Dual Cultivation)
驚雷符,Thunder Burst Talisman,item,Talisman with power comparable to Nascent Soul full strike (Dual Cultivation)
培元丹,Cultivation Enhancement Pill,item,Pill that enhances cultivation (Dual Cultivation)
清愈丹,Purifying Healing Pill,item,Pill that heals all injuries to the body (Dual Cultivation)
護宗大陣,Sect Protection Grand Formation,technique,Defensive formation protecting the sect (Dual Cultivation)
青陽鎮,Qingyang Town,location,Small town at the foot of Blissful Union Sect mountain (Dual Cultivation)
萬靈盾,Ten-Thousand Spirits Shield,item,Natal treasure defensive shield (Dual Cultivation)
傳送符,Teleportation Talisman,item,Talisman allowing instant travel to any location within ten thousand li (Dual Cultivation)
結嬰丹,Core Formation Pill,item,Pill that helps condense a Nascent Soul for breakthrough (Dual Cultivation)
九寶琉璃燈,Nine-Treasure Glazed Lamp,item,Liu Ruyan's natal treasure - a defensive artifact (Dual Cultivation)
上官嫣然,Shangguan Yanran,character_name,Grand Elder's great-great-granddaughter - spoiled inner disciple (Dual Cultivation)
上官天鴻,Shangguan Tianhong,character_name,Grand Elder / Head of Supreme Elders at Blissful Union Sect (Dual Cultivation)
六道滅天指,Six Paths Heaven-Destroying Finger,technique,Earth-Grade martial technique that condenses a golden finger to destroy enemies (Dual Cultivation)
高級傳送符,High-Grade Teleportation Talisman,item,Talisman for emergency escape (Dual Cultivation)
高級分身符,Advanced Clone Talisman,item,Creates 10 clones with 30% of host's cultivation - controlled by will (Dual Cultivation)
強身丹,Strength Enhancement Pill,item,Pill that continuously restores vitality for 5 hours (Dual Cultivation)
驚雷符,Thunderclap Talisman,item,Offensive thunder-based talisman (Dual Cultivation)
張妙音,Zhang Miaoyin,character_name,Zhang family patriarch's daughter - killed by Ye Chen during his revenge (Dual Cultivation)
張漠北,Zhang Mobei,character_name,Zhang family patriarch at Nascent Soul - killed by Ye Chen's Six Paths Heaven-Destroying Finger (Dual Cultivation)
許晴晴,Xu Qingqing,character_name,Ye Chen's childhood fiancée from the Xu family (Dual Cultivation)
許家,Xu Family,organization,Noble house of Jiangye City - Ye Chen's former in-laws through engagement (Dual Cultivation)
地火雷,Earth Fire Bomb,item,Explosive sphere with power comparable to Peak Golden Core full strike (Dual Cultivation)
寂滅掌,Annihilation Palm,technique,Zhang Mobei's powerful palm technique (Dual Cultivation)
烈火掌,Blazing Palm,technique,Zhang family fire-based palm technique (Dual Cultivation)
趙靈兒,Zhao Ling'er,character_name,Female disciple with Earth-Grade Spiritual Root - assigned to Ye Chen in wedding night ceremony (Dual Cultivation)
王雨萱,Wang Yuxuan,character_name,Heavenly Demon Sect prodigy at Golden Core - captured by Blissful Union Sect (Dual Cultivation)
千羽宗,Thousand Feather Sect,organization,Hostile sect from Southern Wasteland allied with Heavenly Demon Sect (Dual Cultivation)
靈水宗,Spirit Water Sect,organization,Hostile sect from Southern Wasteland allied with Heavenly Demon Sect (Dual Cultivation)
碧水劍法,Azure Water Sword Art,technique,Wang Yuxuan's water-based sword technique (Dual Cultivation)
萬魔掌,Myriad Demon Palm,technique,Heavenly Demon Sect palm technique (Dual Cultivation)
落日劍訣,Setting Sun Sword Art,technique,Sword technique used by Heavenly Demon Sect elder (Dual Cultivation)
劍靈符,Sword Spirit Talisman,item,Advanced talisman with power comparable to Peak Body Integration full strike (Dual Cultivation)
強身丹,Strength Restoration Pill,item,Pill that continuously restores energy for ten hours (Dual Cultivation)
培元丹,Cultivation Foundation Pill,item,Pill that enhances cultivation foundation (Dual Cultivation)
钟青,Zhong Qing,character_name,Protagonist and Command Hall Peak Master (10000x Return)
林峰,Lin Feng,character_name,Zhong Qing's first disciple with no cultivation talent (10000x Return)
乃道人,Daoist Nai,character_name,Zhong Qing's late master (10000x Return)
轩辕洪,Xuanyuan Hong,character_name,Sect Master of Immortal River Sect (10000x Return)
段峰,Duan Feng,character_name,Divine Sword Peak Master - killed by Zhong Qing (10000x Return)
苏问酒,Su Wenjiu,character_name,Prodigy from Dawn Mist Valley Holy Land (10000x Return)
剑老,Sword Elder,character_name,Remnant soul in Lin Feng's Desolate Ring (10000x Return)
仙江宗,Immortal River Sect,organization,Main sect in the Eastern Region (10000x Return)
幕府峰,Command Hall Peak,location,Zhong Qing's peak in Immortal River Sect (10000x Return)
神剑峰,Divine Sword Peak,location,Duan Feng's peak - strongest besides main peak (10000x Return)
朝霞谷,Dawn Mist Valley,organization,Holy Land in the Eastern Region (10000x Return)
荒戒,Desolate Ring,item,Lin Feng's storage ring containing Sword Elder's soul (10000x Return)
墨刀,Ink Saber,item,Imperial-grade weapon given to Lin Feng by Zhong Qing (10000x Return)
火舞,Fire Dance,item,Su Wenjiu's eighth-grade sword (10000x Return)
废材羁绊,Trash Bond,cultivation_term,System bond activated by recruiting talentless disciples (10000x Return)
老六光环,Low-Profile Aura,cultivation_term,Ability that hides cultivation level from others (10000x Return)
辰玄境,Dawn Profound Realm,cultivation_realm,Fourth major cultivation realm (10000x Return)
星玄境,Star Profound Realm,cultivation_realm,Fifth major cultivation realm (10000x Return)
月玄境,Moon Profound Realm,cultivation_realm,Sixth major cultivation realm (10000x Return)
日玄境,Sun Profound Realm,cultivation_realm,Seventh major cultivation realm (10000x Return)
王级,King Grade,cultivation_term,Cultivation method grade above Ninth Grade (10000x Return)
皇级,Emperor Grade,cultivation_term,Cultivation method grade above King Grade (10000x Return)
尊级,Venerable Grade,cultivation_term,Cultivation method grade above Emperor Grade (10000x Return)
帝级,Imperial Grade,cultivation_term,Highest cultivation method grade (10000x Return)
大土木经,Great Earth-Wood Scripture,technique,Imperial-grade cultivation method - Lin Feng's primary practice (10000x Return)
大荒芜经,Great Desolation Scripture,technique,Imperial-grade cultivation method (10000x Return)
火皇经,Fire Emperor Scripture,technique,Imperial-grade cultivation method (10000x Return)
苦海,Bitter Sea,location,Trap pond that traps cultivators in illusions (10000x Return)
血狂,Xue Kuang,character_name,Red-Haired Ghost's disciple - demonic cultivator killed by Zhong Qing (10000x Return)
红毛老鬼,Red-Haired Ghost,character_name,Moon Profound demonic cultivator - Xue Kuang's master (10000x Return)
飞刀门,Flying Saber Sect,organization,Sect that betrayed Su Ye despite life debt (10000x Return)
天岳城,Heavenly Peak City,location,City where Flying Saber Sect held recruitment (10000x Return)
苏叶,Su Ye,character_name,Zhong Qing's second disciple with Calamity-Tribulation Physique (10000x Return)
天难厄体,Calamity-Tribulation Physique,cultivation_term,Su Ye's innate physique - contains deadly poison in every cell (10000x Return)
厄渊,Abyss of Calamity,technique,Imperial-grade cultivation method for Calamity-Tribulation Physique (10000x Return)
同级碾压,Absolute Suppression,cultivation_term,Ability to instantly kill any cultivator at same level or below (10000x Return)
雷宁,Lei Ning,character_name,Divine Tiger Peak Master - bald and straightforward (10000x Return)
神虎峰,Divine Tiger Peak,location,Peak in Immortal River Sect led by Lei Ning (10000x Return)
天澜国,Heavenly Wave Kingdom,location,Kingdom in the Eastern Region (10000x Return)
奉天城,Heaven's Mandate City,location,City in Heavenly Wave Kingdom where Lin family resides (10000x Return)
林寒义,Lin Hanyi,character_name,Lin Feng's father and Lin family head (10000x Return)
白辰,Bai Chen,character_name,City Lord of Heaven's Mandate City (10000x Return)
冷凝,Leng Ning,character_name,White-robed woman from Myriad Dao Mountain - Star Profound peak (10000x Return)
青鸟,Qingniao,character_name,Blue-robed woman from Myriad Dao Mountain - Star Profound peak (10000x Return)
万道山,Myriad Dao Mountain,organization,Sect specializing in formations and auxiliary arts (10000x Return)
慕容家,Murong Family,organization,Family that broke engagement with Lin Feng (10000x Return)
慕容雪,Murong Xue,character_name,Lin Feng's ex-fiancée from Murong family (10000x Return)
慕容海,Murong Hai,character_name,Murong Xue's father and Murong family head (10000x Return)
天云宗,Heavenly Cloud Sect,organization,Sect where Murong Xue resides (10000x Return)
黑白,Heibai,character_name,Zhong Qing's Moon Profound puppet servant (10000x Return)
小世界,Small World,cultivation_term,Personal pocket dimension - system reward for slaying demon wolf (10000x Return)
三头妖狼,Three-Headed Demon Wolf,creature,Mid Moon Profound demon beast outside Heaven's Mandate City (10000x Return)
万宝阁,Treasure Pavilion,location,Shop in Heaven's Mandate City (10000x Return)
神魂雾,Soul Mist,technique,Technique that obscures vision and senses (10000x Return)
天难,Heavenly Calamity,character_name,Demonic cultivator villain sealed 500 years ago (10000x Return)
通星丹,Star-Piercing Pill,item,Pill for cultivation breakthrough (10000x Return)
堕落之海,Sea of Degradation,location,Dangerous region where Heavenly Calamity was sealed (10000x Return)
五煞阵,Five Malice Formation,technique,Formation used to seal Heavenly Calamity (10000x Return)
诸葛青,Zhuge Qing,character_name,Sect Master of Myriad Dao Mountain (10000x Return)
吴云,Wu Yun,character_name,Sect Master of Heavenly Cloud Sect (10000x Return)
金色资质,Golden Talent,cultivation_term,Highest innate aptitude for cultivation (10000x Return)
一道长老,Grand Elder,title,Highest elder rank in a sect (10000x Return)
玄技,Profound Technique,cultivation_term,Cultivation combat skills ranked by grade (10000x Return)
碧落剑法,Azure Sky Sword Art,technique,King-grade sword technique - Heavenly Cloud Sect's treasure (10000x Return)
天罡拳,Heaven Dipper Fist,technique,King-grade fist technique used by Lin Feng (10000x Return)
生死台,Life and Death Stage,location,Arena for life-or-death duels at Heavenly Cloud Sect (10000x Return)
零封,Zero Seal,item,Zhong Qing's life-bound weapon that grows with his power (10000x Return)
郭世杰,Guo Shijie,character_name,Old Ancestor of Heavenly Cloud Sect - Earth Profound cultivator (10000x Return)
白绫,Bai Ling,character_name,Demoness from Northern Demon Abyss possessing a remnant soul (10000x Return)
北魔窟,Northern Demon Abyss,location,Powerful demon territory far stronger than the Eastern Region (10000x Return)
魔女,Demoness,title,Title for female demon cultivators of high status (10000x Return)
万里传送符,Long-Range Teleportation Talisman,item,Expensive talisman for instant long-distance travel (10000x Return)
地玄境,Earth Profound Realm,cultivation_realm,Eighth major cultivation realm above Sun Profound (10000x Return)
天玄境,Sky Profound Realm,cultivation_realm,Ninth major cultivation realm above Earth Profound (10000x Return)
三阴境,Three Yin Realm,cultivation_realm,Realm above Sky Profound with three levels (10000x Return)
三阳境,Three Yang Realm,cultivation_realm,Realm above Three Yin with three levels (10000x Return)
仙帝,Immortal Emperor,cultivation_realm,Highest known cultivation realm (10000x Return)
苍宇,Cang Yu,character_name,Three Yin Realm cultivator who attempted to possess Zhong Qing (10000x Return)
万源丹经,Myriad Origins Pill Scripture,item,Alchemy manual obtained from system check-in (10000x Return)
美颜丹,Beauty Enhancement Pill,item,Pill that improves physical appearance (10000x Return)
山宝,Mountain Treasure,item,Rare material nurtured by heaven and earth - also called Divine Spirit Embryo (10000x Return)
万兽山,Myriad Beast Mountain,location,Dangerous mountain range filled with demonic beasts (10000x Return)
陆青霞,Lu Qingxia,character_name,Sect Master of Dawn Mist Valley Holy Land (10000x Return)
钟长风,Zhong Changfeng,character_name,Third Ancestor of Dawn Mist Valley trapped in Abyssal Secret Realm (10000x Return)
深渊秘境,Abyssal Secret Realm,location,Secret realm where Zhong Changfeng is trapped (10000x Return)
飞仙潭,Flying Immortal Pool,location,Restricted area in Dawn Mist Valley (10000x Return)
林月霞,Lin Yuexia,character_name,True disciple of Dawn Mist Valley (10000x Return)
傀儡修为升级卡,Puppet Cultivation Upgrade Card,item,System item that upgrades puppet to host's level (10000x Return)
阵法免疫,Formation-Immunity,cultivation_term,Ability to be unaffected by formations (10000x Return)
思过涯,Contemplation Cliff,location,Punishment area in Dawn Mist Valley for facing the wall in reflection (10000x Return)
珍宝茶,Treasure Tea,item,Precious spiritual tea from Dawn Mist Valley that enhances aptitude and cleanses the body (10000x Return)
桃花酿,Peach Blossom Brew,item,Thousand-year wine brewed by Dawn Mist Valley's Old Ancestor (10000x Return)
醉仙酿,Drunken Immortal Brew,item,Alternative name for Peach Blossom Brew (10000x Return)
古万,Gu Wan,character_name,Father trapped in maze formation - gives Heaven Spirit Grass to Zhong Qing (10000x Return)
古灵儿,Gu Ling'er,character_name,Daughter of Gu Wan - sixteen-year-old Innate realm prodigy (10000x Return)
双头妖猿,Two-Headed Demon Ape,creature,Dawn Profound mid-stage demon beast (10000x Return)
天灵草,Heaven Spirit Grass,item,Rare alchemy ingredient - main material for certain pill formulas (10000x Return)
独孤峰,Dugu Feng,character_name,Current Sect Master of Flying Saber Sect (10000x Return)
百里长空,Baili Changkong,character_name,Founding Ancestor of Flying Saber Sect - Sun Profound powerhouse (10000x Return)
大帝经,Emperor Scripture,item,Imperial-grade cultivation method representing an Emperor's path (10000x Return)
无极宗,Infinity Sect,organization,Holy Land in the Eastern Region - enemy of Immortal River Sect (10000x Return)
石啸天,Shi Xiaotian,character_name,Eighth Elder of Infinity Sect - alchemy master known as Old Black (10000x Return)
吴岳,Wu Yue,character_name,Seventh Elder of Infinity Sect - alchemy master known as Old White (10000x Return)
丹王,Pill King,title,Prestigious title for top-tier alchemists (10000x Return)
暗卫,Shadow Guard,organization,Intelligence department of Infinity Sect (10000x Return)
界破传讯符,Realm-Breaking Transmission Talisman,item,Talisman for sending messages across great distances (10000x Return)
坨丹,Lump Pill,item,Derogatory term for poorly-refined lumpy pills (10000x Return)
完美筑基丹,Perfect Foundation Pill,item,Pill that creates perfect cultivation foundation for those under 16 (10000x Return)
紫青灵炉,Violet-Azure Spirit Furnace,item,High-grade alchemy furnace (10000x Return)
白常殿,White Constancy Hall,location,Wu Yue's palace at Infinity Sect (10000x Return)
采天补地秘法,Heaven-Stealing Earth-Mending Secret Art,technique,Ancient alchemy technique for seizing heaven's essence (10000x Return)
葛长青,Ge Changqing,character_name,Pill Peak Master at Immortal River Sect (10000x Return)
五行炼丹,Five Elements Alchemy,technique,Lost ancient alchemy method using all five elements (10000x Return)
古城,Gu City,location,City where Gu Wan's family lives (10000x Return)
蘇訣,Su Jue,character_name,Protagonist - transmigrated into villain role (Villain Kiss)
白如雪,Bai Ruxue,character_name,Sword Immortal Empress and Su Jue's master/love interest (Villain Kiss)
劍仙女帝,Sword Immortal Empress,title,Bai Ruxue's title - titan of Central Region (Villain Kiss)
中州,Central Region,location,Main setting region (Villain Kiss)
浩土,Vast Earth,location,The world setting (Villain Kiss)
劍宗,Sword Sect,organization,Sect where Su Jue and Bai Ruxue belong (Villain Kiss)
生靈樹,Life Spirit Tree,item,Immortal-grade medicine that can revive the recently dead (Villain Kiss)
無上劍體,Supreme Sword Physique,cultivation_term,Su Jue's innate physique for sword cultivation (Villain Kiss)
劍胎之心,Sword Embryo Heart,item,System reward (Villain Kiss)
誅天劍,Heaven-Slaying Sword,item,System reward weapon (Villain Kiss)
神魔無懼,God-Demon Fearless,technique,System reward ability (Villain Kiss)
滄瀾劍,Canglan Sword,technique,Heaven-rank sword technique (Villain Kiss)
劍王傳承,Sword King Legacy,item,Sword cultivation legacy (Villain Kiss)
林清塵,Lin Qingchen,character_name,Su Jue's junior sister - protagonist heroine (Villain Kiss)
雲中鶴,Cloud-Riding Crane,creature,Su Jue's flying mount given by Bai Ruxue (Villain Kiss)
安可,An Ke,character_name,Fourth Elder's personal disciple - senior sister accompanying Su Jue (Villain Kiss)
朝歌城,Chaoge City,location,Su Jue's hometown and capital of Zhenguan Dynasty (Villain Kiss)
天驕大會,Prodigy Assembly,event,Annual gathering for young cultivators to showcase talent (Villain Kiss)
補天閣,Heaven-Mending Pavilion,organization,Sect with the current top female prodigy (Villain Kiss)
月清漣,Yue Qinglian,character_name,Heaven-Mending Pavilion Saintess - first prodigy of Vast Earth (Villain Kiss)
貞觀王朝,Zhenguan Dynasty,organization,Imperial dynasty ruling Chaoge City with Emperor-level backing (Villain Kiss)
李長樂,Li Changle,character_name,Long Princess of Zhenguan Dynasty who hosts the Prodigy Assembly (Villain Kiss)
死地,Death Ground,location,Sword Sect's place of atonement - extremely dangerous (Villain Kiss)
劍真子,Sword True Master,character_name,First Sect Master of the Sword Sect (Villain Kiss)
仙級破金丹,Immortal-Grade Golden Core Breaker,item,Pill that guarantees perfect Golden Core formation (Villain Kiss)
蘇家,Su Family,organization,Top family in Chaoge City - Su Jue's birth family (Villain Kiss)
魏兵,Wei Bing,character_name,Commander of Chaoge City responsible for receiving guests (Villain Kiss)
欧阳昊,Ouyang Hao,character_name,Sect Master of Infinity Sect (10000x Return)
无极殿,Infinity Hall,location,Main palace of Infinity Sect (10000x Return)
佟有为,Tong Youwei,character_name,Elder from Pill Peak who staffs the Registration Hall (10000x Return)
记名阁,Registration Hall,location,Where new disciples register at Immortal River Sect (10000x Return)
炼丹峰,Pill Peak,location,Peak in Immortal River Sect specializing in alchemy (10000x Return)
仙江大殿,Immortal River Hall,location,Main assembly hall of Immortal River Sect (10000x Return)
七峰大比,Seven Peaks Competition,event,Inter-peak martial competition at Immortal River Sect (10000x Return)
仙道大会,Immortal Dao Conference,event,Major gathering of cultivators across the Eastern Region (10000x Return)
孚云宗,Fuyun Sect,organization,Holy Land in the Eastern Region - old beggar's sect (10000x Return)
孟霄,Meng Xiao,character_name,Sect Master of Fuyun Sect (10000x Return)
铁塔,Iron Tower,character_name,Left Protector of Fuyun Sect (10000x Return)
护山,Mountain Guard,character_name,Right Protector of Fuyun Sect (10000x Return)
魔猿,Demon Ape,creature,Half-step Sky Profound demonic beast sealed at Fuyun Sect (10000x Return)
黑风,Black Wind,character_name,Moon Profound rogue cultivator - killed by Iron Tower (10000x Return)
云煞,Cloud Fiend,character_name,Moon Profound rogue cultivator - Black Wind's brother (10000x Return)
锁妖大阵,Demon-Sealing Grand Formation,technique,Formation that sealed the Demon Ape at Fuyun Sect (10000x Return)
杜烟灵,Du Yanling,character_name,Manager of Spirit City auction house branch (10000x Return)
鹏城,Peng City,location,Major city hosting the joint auction (10000x Return)
豪瀚宗,Haohan Sect,organization,First-tier sect controlling Peng City region (10000x Return)
孙宇,Sun Yu,character_name,Young Master of Haohan Sect (10000x Return)
雷灵果,Thunder Spirit Fruit,item,Top-grade spiritual treasure that may enhance aptitude (10000x Return)
卢坡,Lu Po,character_name,Pill Peak Master at Infinity Sect (10000x Return)
宇文钧,Yuwen Jun,character_name,Old Ancestor of Infinity Sect (10000x Return)
淬神丹,Soul-Tempering Pill,item,Ancient miraculous pill for healing divine soul injuries (10000x Return)
神魂丹,Soul-Nurturing Pill,item,Substitute pill for soul injuries - less effective than Soul-Tempering Pill (10000x Return)
五行炼丹法,Five Elements Alchemy,technique,Legendary alchemy technique using all five elements (10000x Return)
冰火草,Ice-Fire Grass,item,Top-grade spiritual medicine for Soul-Tempering Pill (10000x Return)
雷霆花,Thunder Flower,item,Top-grade spiritual medicine for Soul-Tempering Pill (10000x Return)
幽灵果,Nether Spirit Fruit,item,Top-grade spiritual medicine for Soul-Tempering Pill (10000x Return)
肖凡,Xiao Fan,character_name,Protagonist and Holy Son of Supreme Mystery Holy Land (No Daughter of Luck)
青鈺,Qingyu,character_name,Holy Master of Supreme Mystery Holy Land and Xiao Fan's master (No Daughter of Luck)
蘇怡韻,Su Yiyun,character_name,Saintess of Supreme Mystery Holy Land and one of Xiao Fan's women (No Daughter of Luck)
薑蘭芷,Jiang Lanzhi,character_name,Xiao Fan's fiancée competing for Saintess at Hundred Flowers Holy Land (No Daughter of Luck)
姬傾雪,Ji Qingxue,character_name,Saintess and one of Xiao Fan's women (No Daughter of Luck)
瑜月,Yu Yue,character_name,One of Xiao Fan's maidservants (No Daughter of Luck)
欣禧,Xinxi,character_name,One of Xiao Fan's maidservants (No Daughter of Luck)
江叔,Uncle Jiang,character_name,Xiao Fan's servant who drives his carriage (No Daughter of Luck)
白風流,Bai Fengliu,character_name,Holy Son of Shaman God Sect - rival (No Daughter of Luck)
紅如霜,Hong Rushuang,character_name,Saintess candidate at Hundred Flowers Holy Land - Bai Fengliu's woman (No Daughter of Luck)
太玄聖地,Supreme Mystery Holy Land,organization,Xiao Fan's sect - one of the great Holy Lands (No Daughter of Luck)
百花聖地,Hundred Flowers Holy Land,organization,Holy Land famous for political marriages and female disciples (No Daughter of Luck)
巫神宗,Shaman God Sect,organization,Rising power led by Bai Fengliu - recently battled demon race (No Daughter of Luck)
聖主山,Holy Master Peak,location,Qingyu's residence at Supreme Mystery Holy Land (No Daughter of Luck)
紅顏奪心,Heart-Stealing Beauty,technique,Cultivation method containing One Heart Same Body technique (No Daughter of Luck)
一心同體,One Heart Same Body,technique,Technique allowing heart-sharing between two people (No Daughter of Luck)
三轉重元丹,Triple Refined Origin Restoration Pill,item,Immortal pill that increases cultivation and transcendence chances (No Daughter of Luck)
九金龍輦,Nine Golden Dragon Carriage,item,Xiao Fan's royal carriage pulled by nine dragons (No Daughter of Luck)
百花爭豔台,Hundred Flowers Contest Stage,location,Arena for Saintess competition at Hundred Flowers Holy Land (No Daughter of Luck)
CPU,Manipulation Technique,cultivation_term,Internet slang for emotional manipulation/gaslighting (No Daughter of Luck)
夏花萱,Xia Huaxuan,character_name,Scheming Hundred Flowers disciple who tries to seduce Xiao Fan (No Daughter of Luck)
費揚陽,Fei Yangyang,character_name,Simp-type child of destiny who pursues Xia Huaxuan (No Daughter of Luck)
花仙秘境,Flower Fairy Secret Realm,location,Secret realm for Saintess team competition (No Daughter of Luck)
掠運之劍,Fortune-Plundering Sword,item,Sword Xiao Fan gives to Xia Huaxuan (No Daughter of Luck)
五行玲瓏塔,Five Elements Exquisite Pagoda,item,Xiao Fan's portable space item (No Daughter of Luck)
巫族,Wu Tribe,race,Ancient tribe with powerful physiques - ancestors of Shaman God Sect (No Daughter of Luck)
顛鸞倒鳳,Phoenix-and-Dragon Technique,technique,Dual cultivation technique with 108 positions (No Daughter of Luck)
搖光聖地,Starlight Holy Land,organization,Rival Holy Land to Supreme Mystery - where Ji Qingxue spies (No Daughter of Luck)
九轉靈參花,Nine-Turn Spirit Ginseng Flower,item,Rare herb Fei Yangyang gives to Xia Huaxuan (No Daughter of Luck)
迎客峰,Welcoming Guest Peak,location,Guest reception area at Hundred Flowers Holy Land (No Daughter of Luck)
仙法台,Immortal Arts Stage,location,Competition stage at Hundred Flowers Holy Land (No Daughter of Luck)
安雯,An Wen,character_name,Hundred Flowers Holy Master - Xiao Fan's father's former flame (No Daughter of Luck)
巫妖王,Witch-Yao King,character_name,Hong Rushuang's father - one of Wu Tribe's Seven Supreme Lords (No Daughter of Luck)
三大巫將,Three Great Wu Generals,title,Witch-Yao King's three mightiest warriors at Grand Ascension (No Daughter of Luck)
烏光戰甲,Dark Radiance Battle Armor,item,Shaman God Sect defensive armor that enhances physical body (No Daughter of Luck)
仙蘭靈丹,Immortal Orchid Spirit Pill,item,Pills that give women flower-like beauty and orchid-like elegance (No Daughter of Luck)
紫蘭仙劍,Purple Orchid Immortal Sword,item,Xiao Fan's father's prized sword (No Daughter of Luck)
萬花叢,Myriad Flower Garden,location,An Wen's residence at Hundred Flowers Holy Land (No Daughter of Luck)
幽暗深淵,Dark Abyss,location,Where Hong Rushuang's father the Witch-Yao King resides (No Daughter of Luck)
吾王,My King,title,Respectful address used by subordinates to their sovereign (No Daughter of Luck)
落葉穀,Falling Leaf Valley,organization,Small sect destroyed by the Wang family - Xia Huaxuan's original home (No Daughter of Luck)
王家,Wang Family,organization,Mid-level clan that destroyed Falling Leaf Valley for a paradise cave dwelling (No Daughter of Luck)
福地洞天,Paradise Cave Dwelling,location,Ancient blessed land containing cultivation resources and techniques (No Daughter of Luck)
紅梅落鳳,Crimson Plum Falling Phoenix,item,Xiao Fan's innate fire-attribute companion immortal artifact (No Daughter of Luck)
伴身仙器,Companion Immortal Artifact,item,Innate immortal artifact bonded to a cultivator from birth (No Daughter of Luck)
